Detection Score,Bbox X,Bbox Y,Bbox X max,Bbox Y max
0.7872276306152344,0.5165568590164185,0.5228397250175476,0.3871263861656189,0.516117513179779
